,text,label,exp_split,label_id,annotation_id,feat
160,this is a story of two misfits who do n t stand a chance alone but together they are magnificent,1,dev,lime,dev_160,lime
386,another one of those estrogen overdose movies like divine secrets of the ya ya sisterhood except that the writing acting and character development are a lot better,0,dev,attention,dev_386,attention
12,a beguiling splash of pastel colors and prankish comedy from disney,1,dev,lime,dev_12,lime
608,for all the writhing and wailing tears rage and opium overdoses there s no sense of actual passion being washed away in love s dissolution,0,dev,attention,dev_608,attention
184,in all this is a watchable movie that s not quite the memorable experience it might have been,0,dev,attention,dev_184,attention
815,if looking for a thrilling sci fi cinematic ride do n t settle for this imposter,0,dev,attention,dev_815,attention
615,tries to add some spice to its quirky sentiments but the taste is all too familiar,4,dev,gradients,dev_615,gradients
447,no telegraphing is too obvious or simplistic for this movie,4,dev,gradients,dev_447,gradients
81,a must see for the david mamet enthusiast and for anyone who appreciates intelligent stylish moviemaking,4,dev,gradients,dev_81,gradients
488,i had to look away this was god awful,2,dev,ig,dev_488,ig
110,altogether this is successful as a film while at the same time being a most touching reconsideration of the familiar masterpiece,1,dev,lime,dev_110,lime
467,detox is ultimately a pointless endeavor,2,dev,ig,dev_467,ig
586,delivers the same old same old tarted up with latin flava and turned out by hollywood playas,4,dev,gradients,dev_586,gradients
176,as a first time director paxton has tapped something in himself as an actor that provides frailty with its dark soul,0,dev,attention,dev_176,attention
316,a tender witty captivating film about friendship love memory trust and loyalty,2,dev,ig,dev_316,ig
400,the movie understands like few others how the depth and breadth of emotional intimacy give the physical act all of its meaning and most of its pleasure,4,dev,gradients,dev_400,gradients
235,ramsay as in ratcatcher remains a filmmaker with an acid viewpoint and a real gift for teasing chilly poetry out of lives and settings that might otherwise seem drab and sordid,1,dev,lime,dev_235,lime
656,even the finest chef ca n t make a hotdog into anything more than a hotdog and robert de niro ca n t make this movie anything more than a trashy cop buddy comedy,2,dev,ig,dev_656,ig
432,majidi is an unconventional storyteller capable of finding beauty in the most depressing places,4,dev,gradients,dev_432,gradients
28,in a way the film feels like a breath of fresh air but only to those that allow it in,4,dev,gradients,dev_28,gradients
854,something like scrubbing the toilet,2,dev,ig,dev_854,ig
56,for the most part stevens glides through on some solid performances and witty dialogue,0,dev,attention,dev_56,attention
862,the humor is n t as sharp the effects not as innovative nor the story as imaginative as in the original,0,dev,attention,dev_862,attention
31,næs directed the stage version of elling and gets fine performances from his two leads who originated the characters on stage,0,dev,attention,dev_31,attention
58,against all odds in heaven and hell it creeped me out just fine,1,dev,lime,dev_58,lime
251,anchored by friel and williams s exceptional performances the film s power lies in its complexity,4,dev,gradients,dev_251,gradients
118,a story we have n t seen on the big screen before and it s a story that we as americans and human beings should know,2,dev,ig,dev_118,ig
598,it s not that kung pow is n t funny some of the time it just is n t any funnier than bad martial arts movies are all by themselves without all oedekerk s impish augmentation,0,dev,attention,dev_598,attention
532,the movie is what happens when you blow up small potatoes to 10 times their natural size and it ai n t pretty,2,dev,ig,dev_532,ig
215,a subject like this should inspire reaction in its audience the pianist does not,1,dev,lime,dev_215,lime
705,nelson s brutally unsentimental approach sucks the humanity from the film leaving behind an horrific but weirdly unemotional spectacle,0,dev,attention,dev_705,attention
436,it s a demented kitsch mess although the smeary digital video does match the muddled narrative but it s savvy about celebrity and has more guts and energy than much of what will open this year,1,dev,lime,dev_436,lime
516,try as i may i ca n t think of a single good reason to see this movie even though everyone in my group extemporaneously shouted thank you,2,dev,ig,dev_516,ig
179,a tender heartfelt family drama,2,dev,ig,dev_179,ig
309,it s fun lite,2,dev,ig,dev_309,ig
290,if you dig on david mamet s mind tricks rent this movie and enjoy,2,dev,ig,dev_290,ig
186,that is a compliment to kuras and miller,4,dev,gradients,dev_186,gradients
508,if the movie succeeds in instilling a wary sense of there but for the grace of god it is far too self conscious to draw you deeply into its world,2,dev,ig,dev_508,ig
217,the weight of the piece the unerring professionalism of the chilly production and the fascination embedded in the lurid topic prove recommendation enough,4,dev,gradients,dev_217,gradients
335,one from the heart,2,dev,ig,dev_335,ig
691,the humor is forced and heavy handed and occasionally simply unpleasant,2,dev,ig,dev_691,ig
84,far more imaginative and ambitious than the trivial cash in features nickelodeon has made from its other animated tv series,1,dev,lime,dev_84,lime
449,in its best moments resembles a bad high school production of grease without benefit of song,2,dev,ig,dev_449,ig
362,it gets onto the screen just about as much of the novella as one could reasonably expect and is engrossing and moving in its own right,0,dev,attention,dev_362,attention
536,in the end we are left with something like two ships passing in the night rather than any insights into gay love chinese society or the price one pays for being dishonest,4,dev,gradients,dev_536,gradients
846,the film flat lines when it should peak and is more missed opportunity and trifle than dark decadent truffle,4,dev,gradients,dev_846,gradients
80,beautifully observed miraculously unsentimental comedy drama,2,dev,ig,dev_80,ig
534,this is not the undisputed worst boxing movie ever but it s certainly not a champion the big loser is the audience,4,dev,gradients,dev_534,gradients
227,the movie has an infectious exuberance that will engage anyone with a passing interest in the skate surf culture the l a beach scene and the imaginative and sometimes illegal ways kids can make a playground out of the refuse of adults,1,dev,lime,dev_227,lime
274,unflinchingly bleak and desperate,1,dev,lime,dev_274,lime
366,instead he shows them the respect they are due,2,dev,ig,dev_366,ig
59,it s refreshing to see a girl power movie that does n t feel it has to prove anything,2,dev,ig,dev_59,ig
149,for the first time in years de niro digs deep emotionally perhaps because he s been stirred by the powerful work of his co stars,1,dev,lime,dev_149,lime
383,if you enjoy more thoughtful comedies with interesting conflicted characters this one is for you,4,dev,gradients,dev_383,gradients
440,a movie with a real anarchic flair,0,dev,attention,dev_440,attention
272,if you are an actor who can relate to the search for inner peace by dramatically depicting the lives of others onstage then esther s story is a compelling quest for truth,0,dev,attention,dev_272,attention
99,a warm but realistic meditation on friendship family and affection,0,dev,attention,dev_99,attention
112,the best film about baseball to hit theaters since field of dreams,2,dev,ig,dev_112,ig
811,bad,3,dev,deeplift,dev_811,deeplift
263,mr tsai is a very original artist in his medium and what time is it there,1,dev,lime,dev_263,lime
562,it s as if you re watching a movie that was made in 1978 but not released then because it was so weak and it has been unearthed and released now when it has become even weaker,0,dev,attention,dev_562,attention
750,works hard to establish rounded characters but then has nothing fresh or particularly interesting to say about them,2,dev,ig,dev_750,ig
344,a woman s pic directed with resonance by ilya chaiken,1,dev,lime,dev_344,lime
343,liotta put on 30 pounds for the role and has completely transformed himself from his smooth goodfellas image,2,dev,ig,dev_343,ig
797,the film makes a fatal mistake it asks us to care about a young man whose only apparent virtue is that he is not quite as unpleasant as some of the people in his life,4,dev,gradients,dev_797,gradients
479,"the iditarod lasts for days this just felt like
it did",0,dev,attention,dev_479,attention
648,stealing harvard aspires to comedic grand larceny but stands convicted of nothing more than petty theft of your time,4,dev,gradients,dev_648,gradients
688,an occasionally funny but overall limp fish out of water story,2,dev,ig,dev_688,ig
196,it inspires a continuing and deeply satisfying awareness of the best movies as monumental picture shows,0,dev,attention,dev_196,attention
461,it all drags on so interminably it s like watching a miserable relationship unfold in real time,0,dev,attention,dev_461,attention
374,atom egoyan has conjured up a multilayered work that tackles any number of fascinating issues,4,dev,gradients,dev_374,gradients
678,intriguing documentary which is emotionally diluted by focusing on the story s least interesting subject,1,dev,lime,dev_678,lime
295,despite the 2 d animation the wild thornberrys movie makes for a surprisingly cinematic experience,1,dev,lime,dev_295,lime
236,a lean deftly shot well acted weirdly retro thriller that recalls a raft of 60s and 70s european set spy pictures,0,dev,attention,dev_236,attention
821,but this films lacks the passion required to sell the material,2,dev,ig,dev_821,ig
297,though only 60 minutes long the film is packed with information and impressions,3,dev,deeplift,dev_297,deeplift
762,the tale of tok andy lau a sleek sociopath on the trail of o takashi sorimachi the most legendary of asian hitmen is too scattershot to take hold,0,dev,attention,dev_762,attention
417,it s so good that its relentless polished wit can withstand not only inept school productions but even oliver parker s movie adaptation,1,dev,lime,dev_417,lime
405,so too is this comedy about mild culture clashing in today s new delhi,0,dev,attention,dev_405,attention
46,it provides an honest look at a community striving to anchor itself in new grounds,0,dev,attention,dev_46,attention
399,a good piece of work more often than not,1,dev,lime,dev_399,lime
66,a compelling spanish film about the withering effects of jealousy in the life of a young monarch whose sexual passion for her husband becomes an obsession,4,dev,gradients,dev_66,gradients
509,there are simply too many ideas floating around part farce part sliding doors part pop video and yet failing to exploit them,0,dev,attention,dev_509,attention
140,though it s become almost redundant to say so major kudos go to leigh for actually casting people who look working class,2,dev,ig,dev_140,ig
610,a nightmare date with a half formed wit done a great disservice by a lack of critical distance and a sad trust in liberal arts college bumper sticker platitudes,0,dev,attention,dev_610,attention
551,the plot convolutions ultimately add up to nothing more than jerking the audience s chain,5,dev,scaled attention,dev_551,scaled attention
589,in exactly 89 minutes most of which passed as slowly as if i d been sitting naked on an igloo formula 51 sank from quirky to jerky to utter turkey,4,dev,gradients,dev_589,gradients
764,a lackluster unessential sequel to the classic disney adaptation of j m barrie s peter pan,0,dev,attention,dev_764,attention
311,i just loved every minute of this film,1,dev,lime,dev_311,lime
320,while locals will get a kick out of spotting cleveland sites the rest of the world will enjoy a fast paced comedy with quirks that might make the award winning coen brothers envious,0,dev,attention,dev_320,attention
554,holden caulfield did it better,3,dev,deeplift,dev_554,deeplift
199,good film but very glum,2,dev,ig,dev_199,ig
109,reign of fire looks as if it was made without much thought and is best watched that way,0,dev,attention,dev_109,attention
825,perceptive in its vision of nascent industrialized world politics as a new art form but far too clunky didactic and saddled with scenes that seem simply an ill fit for this movie,3,dev,deeplift,dev_825,deeplift
205,this flick is about as cool and crowd pleasing as a documentary can get,4,dev,gradients,dev_205,gradients
124,fun flip and terribly hip bit of cinematic entertainment,0,dev,attention,dev_124,attention
75,the movie is beautiful to behold and engages one in a sense of epic struggle inner and outer that s all too rare in hollywood s hastier productions,4,dev,gradients,dev_75,gradients
556,oh come on,1,dev,lime,dev_556,lime
518,it treats women like idiots,2,dev,ig,dev_518,ig
103,people cinema at its finest,2,dev,ig,dev_103,ig
302,lovely and poignant,2,dev,ig,dev_302,ig
77,it s a much more emotional journey than what shyamalan has given us in his past two movies and gibson stepping in for bruce willis is the perfect actor to take us on the trip,0,dev,attention,dev_77,attention
720,as vulgar as it is banal,4,dev,gradients,dev_720,gradients
239,morton uses her face and her body language to bring us morvern s soul even though the character is almost completely deadpan,1,dev,lime,dev_239,lime
847,it s played in the most straight faced fashion with little humor to lighten things up,2,dev,ig,dev_847,ig
585,minority report is exactly what the title indicates a report,2,dev,ig,dev_585,ig
748,dragonfly has no atmosphere no tension nothing but costner flailing away,3,dev,deeplift,dev_748,deeplift
832,it s not original and robbed of the element of surprise it does n t have any huge laughs in its story of irresponsible cops who love to play pranks,0,dev,attention,dev_832,attention
438,all in all the film is an enjoyable and frankly told tale of a people who live among us but not necessarily with us,1,dev,lime,dev_438,lime
541,the longer the movie goes the worse it gets but it s actually pretty good in the first few minutes,1,dev,lime,dev_541,lime
453,at times the suspense is palpable but by the end there s a sense that the crux of the mystery hinges on a technicality that strains credulity and leaves the viewer haunted by the waste of potential,0,dev,attention,dev_453,attention
564,one of the more irritating cartoons you will see this or any year,2,dev,ig,dev_564,ig
746,so devoid of any kind of intelligible story that it makes films like xxx and collateral damage seem like thoughtful treatises,2,dev,ig,dev_746,ig
770,it s hampered by a lifetime channel kind of plot and a lead actress who is out of her depth,0,dev,attention,dev_770,attention
401,what distinguishes time of favor from countless other thrillers is its underlying concern with the consequences of words and with the complicated emotions fueling terrorist acts,0,dev,attention,dev_401,attention
5,dazzles with its fully written characters its determined stylishness which always relates to characters and story and johnny dankworth s best soundtrack in years,3,dev,deeplift,dev_5,deeplift
190,there s something auspicious and daring too about the artistic instinct that pushes a majority oriented director like steven spielberg to follow a i with this challenging report so liable to unnerve the majority,1,dev,lime,dev_190,lime
632,wince inducing dialogue thrift shop costumes prosthetic makeup by silly putty and kmart blue light special effects all conspire to test trekkie loyalty,2,dev,ig,dev_632,ig
538,well nigh unendurable though the picture strains to become cinematic poetry it remains depressingly prosaic and dull,0,dev,attention,dev_538,attention
660,this is an egotistical endeavor from the daughter of horror director dario argento a producer here but her raw performance and utter fearlessness make it strangely magnetic,1,dev,lime,dev_660,lime
483,the film is based on truth and yet there is something about it that feels incomplete as if the real story starts just around the corner,2,dev,ig,dev_483,ig
264,this is a good script good dialogue funny even for adults,0,dev,attention,dev_264,attention
60,it s worth seeing just on the basis of the wisdom and at times the startling optimism of the children,0,dev,attention,dev_60,attention
838,attempts by this ensemble film to impart a message are so heavy handed that they instead pummel the audience,2,dev,ig,dev_838,ig
142,a movie that reminds us of just how exciting and satisfying the fantasy cinema can be when it s approached with imagination and flair,3,dev,deeplift,dev_142,deeplift
593,for close to two hours the audience is forced to endure three terminally depressed mostly inarticulate hyper dysfunctional families for the price of one,4,dev,gradients,dev_593,gradients
616,paid in full is so stale in fact that its most vibrant scene is one that uses clips from brian de palma s scarface,2,dev,ig,dev_616,ig
840,nervous breakdowns are not entertaining,1,dev,lime,dev_840,lime
94,the second coming of harry potter is a film far superior to its predecessor,1,dev,lime,dev_94,lime
346,it s a beautiful madness,1,dev,lime,dev_346,lime
773,in the end the movie collapses on its shaky foundation despite the best efforts of director joe carnahan,0,dev,attention,dev_773,attention
633,i do n t mind having my heartstrings pulled but do n t treat me like a fool,1,dev,lime,dev_633,lime
513,the cold turkey would ve been a far better title,0,dev,attention,dev_513,attention
637,not since freddy got fingered has a major release been so painful to sit through,0,dev,attention,dev_637,attention
48,building slowly and subtly the film sporting a breezy spontaneity and realistically drawn characterizations develops into a significant character study that is both moving and wise,2,dev,ig,dev_48,ig
464,it s another video movie photographed like a film with the bad lighting that s often written off as indie film naturalism,3,dev,deeplift,dev_464,deeplift
90,so refreshingly incisive is grant that for the first time he ll probably appeal more to guys than to their girlfriends who drag them to this movie for the hugh factor,1,dev,lime,dev_90,lime
197,awesome creatures breathtaking scenery and epic battle scenes add up to another spectacular spectacle,4,dev,gradients,dev_197,gradients
230,fresnadillo s dark and jolting images have a way of plying into your subconscious like the nightmare you had a week ago that wo n t go away,1,dev,lime,dev_230,lime
625,the time machine is a movie that has no interest in itself,0,dev,attention,dev_625,attention
848,the heavy handed film is almost laughable as a consequence,4,dev,gradients,dev_848,gradients
51,a swashbuckling tale of love betrayal revenge and above all faith,1,dev,lime,dev_51,lime
369,a solid examination of the male midlife crisis,4,dev,gradients,dev_369,gradients
324,corny schmaltzy and predictable but still manages to be kind of heartwarming nonetheless,0,dev,attention,dev_324,attention
334,trademark american triteness and simplicity are tossed out the window with the intelligent french drama that deftly explores the difficult relationship between a father and son,1,dev,lime,dev_334,lime
671,it s so mediocre despite the dynamic duo on the marquee that we just ca n t get no satisfaction,0,dev,attention,dev_671,attention
558,not exactly the bees knees,4,dev,gradients,dev_558,gradients
781,portentous and pretentious the weight of water is appropriately titled given the heavy handedness of it drama,1,dev,lime,dev_781,lime
792,serving sara does n t serve up a whole lot of laughs,2,dev,ig,dev_792,ig
43,a smart witty follow up,2,dev,ig,dev_43,ig
450,indifferently implausible popcorn programmer of a movie,1,dev,lime,dev_450,lime
100,byler reveals his characters in a way that intrigues and even fascinates us and he never reduces the situation to simple melodrama,0,dev,attention,dev_100,attention
785,at the very least if you do n t know anything about derrida when you walk into the theater you wo n t know much more when you leave,0,dev,attention,dev_785,attention
525,almost gags on its own gore,4,dev,gradients,dev_525,gradients
422,the lion king was a roaring success when it was released eight years ago but on imax it seems better not just bigger,1,dev,lime,dev_422,lime
704,professionally speaking it s tempting to jump ship in january to avoid ridiculous schlock like this shoddy suspense thriller,0,dev,attention,dev_704,attention
669,i do n t think i laughed out loud once,3,dev,deeplift,dev_669,deeplift
573,it s a cookie cutter movie a cut and paste job,4,dev,gradients,dev_573,gradients
319,a psychological thriller with a genuinely spooky premise and an above average cast actor bill paxton s directing debut is a creepy slice of gothic rural americana,0,dev,attention,dev_319,attention
756,there ought to be a directing license so that ed burns can have his revoked,4,dev,gradients,dev_756,gradients
106,manages to transcend the sex drugs and show tunes plot into something far richer,0,dev,attention,dev_106,attention
246,good old fashioned slash and hack is back,2,dev,ig,dev_246,ig
824,the x potion gives the quickly named blossom bubbles and buttercup supernatural powers that include extraordinary strength and laser beam eyes which unfortunately do n t enable them to discern flimsy screenplays,2,dev,ig,dev_824,ig
380,exciting and direct with ghost imagery that shows just enough to keep us on our toes,2,dev,ig,dev_380,ig
506,once the 50 year old benigni appears as the title character we find ourselves longing for the block of wood to come back,0,dev,attention,dev_506,attention
692,as the latest bid in the tv to movie franchise game i spy makes its big screen entry with little of the nervy originality of its groundbreaking small screen progenitor,4,dev,gradients,dev_692,gradients
787,the only excitement comes when the credits finally roll and you get to leave the theater,2,dev,ig,dev_787,ig
238,the son s room is a triumph of gentility that earns its moments of pathos,0,dev,attention,dev_238,attention
739,the affectionate loopiness that once seemed congenital to demme s perspective has a tough time emerging from between the badly dated cutesy pie mystery scenario and the newfangled hollywood post production effects,2,dev,ig,dev_739,ig
139,has a lot of the virtues of eastwood at his best,0,dev,attention,dev_139,attention
614,rarely has so much money delivered so little entertainment,2,dev,ig,dev_614,ig
548,whaley s determination to immerse you in sheer unrelenting wretchedness is exhausting,4,dev,gradients,dev_548,gradients
354,with rabbit proof fence noyce has tailored an epic tale into a lean economical movie,2,dev,ig,dev_354,ig
590,i d have to say the star and director are the big problems here,2,dev,ig,dev_590,ig
526,how do you spell cliché,4,dev,gradients,dev_526,gradients
67,huston nails both the glad handing and the choking sense of hollow despair,2,dev,ig,dev_67,ig
522,so much facile technique such cute ideas so little movie,1,dev,lime,dev_522,lime
24,enormously entertaining for moviegoers of any age,1,dev,lime,dev_24,lime
249,it s an offbeat treat that pokes fun at the democratic exercise while also examining its significance for those who take part,0,dev,attention,dev_249,attention
107,dense with characters and contains some thrilling moments,2,dev,ig,dev_107,ig
426,not the kind of film that will appeal to a mainstream american audience but there is a certain charm about the film that makes it a suitable entry into the fest circuit,0,dev,attention,dev_426,attention
592,while the resident evil games may have set new standards for thrills suspense and gore for video games the movie really only succeeds in the third of these,2,dev,ig,dev_592,ig
32,a coda in every sense the pinochet case splits time between a minute by minute account of the british court s extradition chess game and the regime s talking head survivors,4,dev,gradients,dev_32,gradients
725,suffocated by its fussy script and uptight characters this musty adaptation is all the more annoying since it s been packaged and sold back to us by hollywood,4,dev,gradients,dev_725,gradients
477,when the film ended i felt tired and drained and wanted to lie on my own deathbed for a while,0,dev,attention,dev_477,attention
870,the title not only describes its main characters but the lazy people behind the camera as well,0,dev,attention,dev_870,attention
726,coughs and sputters on its own postmodern conceit,0,dev,attention,dev_726,attention
652,movie fans get ready to take off the other direction,3,dev,deeplift,dev_652,deeplift
463,t here s only so much anyone can do with a florid overplotted anne rice rock n roll vampire novel before the built in silliness of the whole affair defeats them,2,dev,ig,dev_463,ig
312,this is a winning ensemble comedy that shows canadians can put gentle laughs and equally gentle sentiments on the button just as easily as their counterparts anywhere else in the world,0,dev,attention,dev_312,attention
338,while undisputed is n t exactly a high it is a gripping tidy little movie that takes mr hill higher than he s been in a while,0,dev,attention,dev_338,attention
286,a strangely compelling and brilliantly acted psychological drama,0,dev,attention,dev_286,attention
355,a n utterly charming and hilarious film that reminded me of the best of the disney comedies from the 60s,1,dev,lime,dev_355,lime
679,feels haphazard as if the writers mistakenly thought they could achieve an air of frantic spontaneity by simply tossing in lots of characters doing silly stuff and stirring the pot,0,dev,attention,dev_679,attention
378,based on a devilishly witty script by heather mcgowan and niels mueller the film gets great laughs but never at the expense of its characters,1,dev,lime,dev_378,lime
759,green might want to hang onto that ski mask as robbery may be the only way to pay for his next project,0,dev,attention,dev_759,attention
207,griffiths proves she s that rare luminary who continually raises the standard of her profession,0,dev,attention,dev_207,attention
402,smart provocative and blisteringly funny,4,dev,gradients,dev_402,gradients
515,zaidan s script has barely enough plot to string the stunts together and not quite enough characterization to keep the faces straight,0,dev,attention,dev_515,attention
119,like leon it s frustrating and still oddly likable,3,dev,deeplift,dev_119,deeplift
646,a by the numbers patient doctor pic that covers all the usual ground,1,dev,lime,dev_646,lime
481,this movie is maddening,1,dev,lime,dev_481,lime
371,my big fat greek wedding uses stereotypes in a delightful blend of sweet romance and lovingly dished out humor,1,dev,lime,dev_371,lime
413,a moody multi dimensional love story and sci fi mystery solaris is a thought provoking haunting film that allows the seeds of the imagination to germinate,0,dev,attention,dev_413,attention
665,comes uncomfortably close to coasting in the treads of the bicycle thief,2,dev,ig,dev_665,ig
777,it s another stale kill by numbers flick complete with blade thin characters and terrible pun laden dialogue,2,dev,ig,dev_777,ig
856,or doing last year s taxes with your ex wife,0,dev,attention,dev_856,attention
595,in an effort i suspect not to offend by appearing either too serious or too lighthearted it offends by just being wishy washy,3,dev,deeplift,dev_595,deeplift
323,few films capture so perfectly the hopes and dreams of little boys on baseball fields as well as the grown men who sit in the stands,1,dev,lime,dev_323,lime
209,an important movie a reminder of the power of film to move us and to make us examine our values,0,dev,attention,dev_209,attention
603,the words frankly my dear i do n t give a damn have never been more appropriate,0,dev,attention,dev_603,attention
630,it has all the excitement of eating oatmeal,1,dev,lime,dev_630,lime
241,a superbly acted and funny gritty fable of the humanizing of one woman at the hands of the unseen forces of fate,0,dev,attention,dev_241,attention
597,nothing scary here except for some awful acting and lame special effects,2,dev,ig,dev_597,ig
114,the film tunes into a grief that could lead a man across centuries,3,dev,deeplift,dev_114,deeplift
351,a gorgeous witty seductive movie,2,dev,ig,dev_351,ig
617,that s a cheat,2,dev,ig,dev_617,ig
164,pacino is brilliant as the sleep deprived dormer his increasing weariness as much existential as it is physical,1,dev,lime,dev_164,lime
98,seldahl s barbara is a precise and moving portrait of someone whose world is turned upside down first by passion and then by illness,1,dev,lime,dev_98,lime
676,his last movie was poetically romantic and full of indelible images but his latest has nothing going for it,0,dev,attention,dev_676,attention
181,for the most part it s a work of incendiary genius steering clear of knee jerk reactions and quick solutions,1,dev,lime,dev_181,lime
266,the film will play equally well on both the standard and giant screens,1,dev,lime,dev_266,lime
439,an interesting story with a pertinent cinematically unique message told fairly well and scored to perfection i found myself struggling to put my finger on that elusive missing thing,4,dev,gradients,dev_439,gradients
721,you wonder why enough was n t just a music video rather than a full length movie,2,dev,ig,dev_721,ig
699,this is the sort of burly action flick where one coincidence pummels another narrative necessity is a drunken roundhouse and whatever passes for logic is a factor of the last plot device left standing,0,dev,attention,dev_699,attention
137,a study in shades of gray offering itself up in subtle plot maneuvers,1,dev,lime,dev_137,lime
790,the character of zigzag is not sufficiently developed to support a film constructed around him,0,dev,attention,dev_790,attention
322,if you re hard up for raunchy college humor this is your ticket right here,2,dev,ig,dev_322,ig
565,a broad melodramatic estrogen opera that s pretty toxic in its own right,4,dev,gradients,dev_565,gradients
61,a rigorously structured and exquisitely filmed drama about a father and son connection that is a brief shooting star of love,5,dev,scaled attention,dev_61,scaled attention
550,the entire movie is about a boring sad man being boring and sad,0,dev,attention,dev_550,attention
198,by candidly detailing the politics involved in the creation of an extraordinary piece of music jones calls our attention to the inherent conflict between commerce and creativity,4,dev,gradients,dev_198,gradients
102,bogdanovich tantalizes by offering a peep show into the lives of the era s creme de la celluloid,1,dev,lime,dev_102,lime
0,it s a lovely film with lovely performances by buy and accorsi,0,dev,attention,dev_0,attention
210,binoche makes it interesting trying to find out,1,dev,lime,dev_210,lime
596,it s difficult to imagine the process that produced such a script but here s guessing that spray cheese and underarm noises played a crucial role,2,dev,ig,dev_596,ig
664,characters still need to function according to some set of believable and comprehensible impulses no matter how many drugs they do or how much artistic license avary employs,0,dev,attention,dev_664,attention
829,hit and miss as far as the comedy goes and a big ole miss in the way of story,0,dev,attention,dev_829,attention
242,one of the smartest takes on singles culture i ve seen in a long time,2,dev,ig,dev_242,ig
101,turns potentially forgettable formula into something strangely diverting,4,dev,gradients,dev_101,gradients
129,the continued good chemistry between carmen and juni is what keeps this slightly disappointing sequel going with enough amusing banter blessedly curse free to keep both kids and parents entertained,1,dev,lime,dev_129,lime
552,confirms the nagging suspicion that ethan hawke would be even worse behind the camera than he is in front of it,1,dev,lime,dev_552,lime
584,do not see this film,4,dev,gradients,dev_584,gradients
843,this is so bad,2,dev,ig,dev_843,ig
237,it proves quite compelling as an intense brooding character study,2,dev,ig,dev_237,ig
158,the best revenge may just be living well because this film unlike other dumas adaptations is far more likened to a treasure than a lengthy jail sentence,2,dev,ig,dev_158,ig
182,it has the charm of the original american road movies feasting on the gorgeous ramshackle landscape of the filmmaker s motherland,1,dev,lime,dev_182,lime
729,a sometimes tedious film,2,dev,ig,dev_729,ig
495,it s hard to like a film about a guy who is utterly unlikeable and shiner starring michael caine as an aging british boxing promoter desperate for a taste of fame and fortune is certainly that,2,dev,ig,dev_495,ig
97,takes the beauty of baseball and melds it with a story that could touch anyone regardless of their familiarity with the sport,1,dev,lime,dev_97,lime
482,should have been someone else,1,dev,lime,dev_482,lime
782,a fitfully amusing romp that if nothing else will appeal to fans of malcolm in the middle and its pubescent star frankie muniz,1,dev,lime,dev_782,lime
718,this is a shameless sham calculated to cash in on the popularity of its stars,2,dev,ig,dev_718,ig
33,like mike is a winner for kids and no doubt a winner for lil bow wow who can now add movies to the list of things he does well,2,dev,ig,dev_33,ig
574,even on those rare occasions when the narrator stops yammering miller s hand often feels unsure,0,dev,attention,dev_574,attention
180,a difficult absorbing film that manages to convey more substance despite its repetitions and inconsistencies than do most films than are far more pointed and clear,1,dev,lime,dev_180,lime
817,the result is a gaudy bag of stale candy something from a halloween that died,0,dev,attention,dev_817,attention
865,even horror fans will most likely not find what they re seeking with trouble every day the movie lacks both thrills and humor,2,dev,ig,dev_865,ig
485,the lower your expectations the more you ll enjoy it,3,dev,deeplift,dev_485,deeplift
609,a coarse and stupid gross out,4,dev,gradients,dev_609,gradients
188,a cartoon that s truly cinematic in scope and a story that s compelling and heartfelt even if the heart belongs to a big four legged herbivore,4,dev,gradients,dev_188,gradients
292,it s like watching a nightmare made flesh,2,dev,ig,dev_292,ig
384,the quality of the art combined with the humor and intelligence of the script allow the filmmakers to present the biblical message of forgiveness without it ever becoming preachy or syrupy,0,dev,attention,dev_384,attention
143,thanks to scott s charismatic roger and eisenberg s sweet nephew roger dodger is one of the most compelling variations on in the company of men,0,dev,attention,dev_143,attention
502,an unclassifiably awful study in self and audience abuse,0,dev,attention,dev_502,attention
228,even if you do n t think kissinger s any more guilty of criminal activity than most contemporary statesmen he d sure make a courtroom trial great fun to watch,1,dev,lime,dev_228,lime
685,w hile long on amiable monkeys and worthy environmentalism jane goodall s wild chimpanzees is short on the thrills the oversize medium demands,4,dev,gradients,dev_685,gradients
268,true tale of courage and complicity at auschwitz is a harrowing drama that tries to tell of the unspeakable,0,dev,attention,dev_268,attention
499,it s of the quality of a lesser harrison ford movie six days seven nights maybe or that dreadful sabrina remake,3,dev,deeplift,dev_499,deeplift
157,although laced with humor and a few fanciful touches the film is a refreshingly serious look at young women,4,dev,gradients,dev_157,gradients
255,the chateau cleverly probes the cross cultural differences between gauls and yanks,1,dev,lime,dev_255,lime
174,collateral damage finally delivers the goods for schwarzenegger fans,1,dev,lime,dev_174,lime
803,it takes talent to make a lifeless movie about the most heinous man who ever lived,3,dev,deeplift,dev_803,deeplift
855,or emptying rat traps,4,dev,gradients,dev_855,gradients
357,thanks to haynes absolute control of the film s mood and buoyed by three terrific performances far from heaven actually pulls off this stylistic juggling act,2,dev,ig,dev_357,ig
29,woody allen s latest is an ambling broad comedy about all there is to love and hate about the movie biz,1,dev,lime,dev_29,lime
620,a string of rehashed sight gags based in insipid vulgarity,4,dev,gradients,dev_620,gradients
470,no way i can believe this load of junk,0,dev,attention,dev_470,attention
722,the film s tone and pacing are off almost from the get go,2,dev,ig,dev_722,ig
863,but it could have been worse,2,dev,ig,dev_863,ig
145,it s the chemistry between the women and the droll scene stealing wit and wolfish pessimism of anna chancellor that makes this two weddings and a funeral fun,0,dev,attention,dev_145,attention
382,what the film lacks in general focus it makes up for in compassion as corcuera manages to find the seeds of hope in the form of collective action,1,dev,lime,dev_382,lime
520,impostor has a handful of thrilling moments and a couple of good performances but the movie does n t quite fly,2,dev,ig,dev_520,ig
859,is the time really ripe for a warmed over james bond adventure with a village idiot as the 007 clone,2,dev,ig,dev_859,ig
809,although huppert s intensity and focus has a raw exhilaration about it the piano teacher is anything but fun,1,dev,lime,dev_809,lime
226,audrey tatou has a knack for picking roles that magnify her outrageous charm and in this literate french comedy she s as morning glory exuberant as she was in amélie,2,dev,ig,dev_226,ig
325,feature debuter d j caruso directs a crack ensemble cast bringing screenwriter tony gayton s narcotics noir to life,4,dev,gradients,dev_325,gradients
161,highbrow self appointed guardians of culture need not apply but those who loved cool as ice have at last found a worthy follow up,0,dev,attention,dev_161,attention
503,this movie is something of an impostor itself stretching and padding its material in a blur of dead ends and distracting camera work,0,dev,attention,dev_503,attention
533,sometimes seems less like storytelling than something the otherwise compelling director needed to get off his chest,2,dev,ig,dev_533,ig
301,a simple but gritty and well acted ensemble drama that encompasses a potent metaphor for a country still dealing with its fascist past,0,dev,attention,dev_301,attention
579,it takes a certain kind of horror movie to qualify as worse than expected but ghost ship somehow manages to do exactly that,1,dev,lime,dev_579,lime
738,like watching a dress rehearsal the week before the show goes up everything s in place but something s just a little off kilter,0,dev,attention,dev_738,attention
570,utterly lacking in charm wit and invention roberto benigni s pinocchio is an astonishingly bad film,2,dev,ig,dev_570,ig
649,for this reason and this reason only the power of its own steadfast hoity toity convictions chelsea walls deserves a medal,1,dev,lime,dev_649,lime
559,it does nothing new with the old story except to show fisticuffs in this sort of stop go slow motion that makes the gang rumbles look like they re being streamed over a 28 k modem,0,dev,attention,dev_559,attention
662,it s not the ultimate depression era gangster movie,1,dev,lime,dev_662,lime
643,a shapeless blob of desperate entertainment,0,dev,attention,dev_643,attention
337,an entertaining colorful action filled crime story with an intimate heart,4,dev,gradients,dev_337,gradients
208,offers much to enjoy and a lot to mull over in terms of love loyalty and the nature of staying friends,1,dev,lime,dev_208,lime
494,the last 20 minutes are somewhat redeeming but most of the movie is the same teenage american road trip drek we ve seen before only this time you have to read the fart jokes,2,dev,ig,dev_494,ig
361,the draw for big bad love is a solid performance by arliss howard,1,dev,lime,dev_361,lime
837,irwin is a man with enough charisma and audacity to carry a dozen films but this particular result is ultimately held back from being something greater,2,dev,ig,dev_837,ig
700,the so inept it s surreal dubbing featuring the voices of glenn close regis philbin and breckin meyer brings back memories of cheesy old godzilla flicks,1,dev,lime,dev_700,lime
278,the vivid lead performances sustain interest and empathy but the journey is far more interesting than the final destination,2,dev,ig,dev_278,ig
852,the end result is a film that s neither,4,dev,gradients,dev_852,gradients
715,it s a bad thing when a movie has about as much substance as its end credits blooper reel,0,dev,attention,dev_715,attention
702,one long string of cliches,1,dev,lime,dev_702,lime
816,not really bad so much as distasteful we need kidnapping suspense dramas right now like we need doomsday thrillers,0,dev,attention,dev_816,attention
851,the film tries too hard to be funny and tries too hard to be hip,3,dev,deeplift,dev_851,deeplift
42,writer director joe carnahan s grimy crime drama is a manual of precinct cliches but it moves fast enough to cover its clunky dialogue and lapses in logic,1,dev,lime,dev_42,lime
535,you really have to wonder how on earth anyone anywhere could have thought they d make audiences guffaw with a script as utterly diabolical as this,2,dev,ig,dev_535,ig
569,sacrifices the value of its wealth of archival foot age with its less than objective stance,4,dev,gradients,dev_569,gradients
65,may be far from the best of the series but it s assured wonderfully respectful of its past and thrilling enough to make it abundantly clear that this movie phenomenon has once again reinvented itself for a new generation,0,dev,attention,dev_65,attention
69,it s fascinating to see how bettany and mcdowell play off each other,4,dev,gradients,dev_69,gradients
780,the overall effect is less like a children s movie than a recruitment film for future hollywood sellouts,2,dev,ig,dev_780,ig
253,no screen fantasy adventure in recent memory has the showmanship of clones last 45 minutes,3,dev,deeplift,dev_253,deeplift
420,part low rent godfather,2,dev,ig,dev_420,ig
783,jason x is positively anti darwinian nine sequels and 400 years later the teens are none the wiser and jason still kills on auto pilot,4,dev,gradients,dev_783,gradients
313,just as moving uplifting and funny as ever,4,dev,gradients,dev_313,gradients
673,turns so unforgivably trite in its last 10 minutes that anyone without a fortified sweet tooth will likely go into sugar shock,0,dev,attention,dev_673,attention
148,a film about a young man finding god that is accessible and touching to the marrow,1,dev,lime,dev_148,lime
833,it offers little beyond the momentary joys of pretty and weightless intellectual entertainment,2,dev,ig,dev_833,ig
395,the jabs it employs are short carefully placed and dead center,2,dev,ig,dev_395,ig
757,the structure the film takes may find matt damon and ben affleck once again looking for residuals as this officially completes a good will hunting trilogy that was never planned,1,dev,lime,dev_757,lime
455,thekids will probably stay amused at the kaleidoscope of big colorful characters,0,dev,attention,dev_455,attention
445,e ventually every idea in this film is flushed down the latrine of heroism,2,dev,ig,dev_445,ig
713,i sympathize with the plight of these families but the movie does n t do a very good job conveying the issue at hand,0,dev,attention,dev_713,attention
409,a pleasant enough romance with intellectual underpinnings the kind of movie that entertains even as it turns maddeningly predictable,1,dev,lime,dev_409,lime
3,uses sharp humor and insight into human nature to examine class conflict adolescent yearning the roots of friendship and sexual identity,1,dev,lime,dev_3,lime
489,velocity represents everything wrong with independent film as a commodified sold out concept on the american filmmaking scene,4,dev,gradients,dev_489,gradients
661,it s slow very very slow,3,dev,deeplift,dev_661,deeplift
359,more romantic more emotional and ultimately more satisfying than the teary eyed original,1,dev,lime,dev_359,lime
123,on this tricky topic tadpole is very much a step in the right direction with its blend of frankness civility and compassion,2,dev,ig,dev_123,ig
245,the emotions are raw and will strike a nerve with anyone who s ever had family trauma,1,dev,lime,dev_245,lime
37,you wo n t like roger but you will quickly recognize him,2,dev,ig,dev_37,ig
747,combining quick cut editing and a blaring heavy metal much of the time beck seems to be under the illusion that he s shooting the latest system of a down video,4,dev,gradients,dev_747,gradients
861,however it may please those who love movies that blare with pop songs young science fiction fans will stomp away in disgust,4,dev,gradients,dev_861,gradients
398,a magnificent drama well worth tracking down,0,dev,attention,dev_398,attention
689,a bloated gasbag thesis grotesquely impressed by its own gargantuan aura of self importance,1,dev,lime,dev_689,lime
670,and when you re talking about a slapstick comedy that s a pretty big problem,2,dev,ig,dev_670,ig
446,i am sorry that i was unable to get the full brunt of the comedy,0,dev,attention,dev_446,attention
767,late marriage s stiffness is unlikely to demonstrate the emotional clout to sweep u s viewers off their feet,2,dev,ig,dev_767,ig
493,corpus collosum while undeniably interesting wore out its welcome well before the end credits rolled about 45 minutes in,0,dev,attention,dev_493,attention
201,it haunts horrifies startles and fascinates it is impossible to look away,1,dev,lime,dev_201,lime
243,there is a fabric of complex ideas here and feelings that profoundly deepen them,2,dev,ig,dev_243,ig
92,the magic of the film lies not in the mysterious spring but in the richness of its performances,1,dev,lime,dev_92,lime
287,candid and comfortable a film that deftly balances action and reflection as it lets you grasp and feel the passion others have for their work,0,dev,attention,dev_287,attention
462,villeneuve spends too much time wallowing in bibi s generic angst there are a lot of shots of her gazing out windows,4,dev,gradients,dev_462,gradients
247,as unseemly as its title suggests,3,dev,deeplift,dev_247,deeplift
332,this illuminating documentary transcends our preconceived vision of the holy land and its inhabitants revealing the human complexities beneath,0,dev,attention,dev_332,attention
294,it s hard to imagine alan arkin being better than he is in this performance,2,dev,ig,dev_294,ig
412,it s a work by an artist so in control of both his medium and his message that he can improvise like a jazzman,4,dev,gradients,dev_412,gradients
690,as a rumor of angels reveals itself to be a sudsy tub of supernatural hokum not even ms redgrave s noblest efforts can redeem it from hopeless sentimentality,0,dev,attention,dev_690,attention
96,it s also clearly great fun,2,dev,ig,dev_96,ig
732,plays like somebody spliced random moments of a chris rock routine into what is otherwise a cliche riddled but self serious spy thriller,2,dev,ig,dev_732,ig
427,director andrew niccol demonstrates a wry understanding of the quirks of fame,0,dev,attention,dev_427,attention
666,visually rather stunning but ultimately a handsome looking bore the true creativity would have been to hide treasure planet entirely and completely reimagine it,3,dev,deeplift,dev_666,deeplift
587,if you believe any of this i can make you a real deal on leftover enron stock that will double in value a week from friday,0,dev,attention,dev_587,attention
279,a painfully funny ode to bad behavior,2,dev,ig,dev_279,ig
222,it is amusing and that s all it needs to be,1,dev,lime,dev_222,lime
195,the far future may be awesome to consider but from period detail to matters of the heart this film is most transporting when it stays put in the past,1,dev,lime,dev_195,lime
393,jones does offer a brutal form of charisma,0,dev,attention,dev_393,attention
254,a poignant and compelling story about relationships food of love takes us on a bumpy but satisfying journey of the heart,3,dev,deeplift,dev_254,deeplift
224,a full world has been presented onscreen not some series of carefully structured plot points building to a pat resolution,2,dev,ig,dev_224,ig
342,good car chases great fight scenes and a distinctive blend of european american and asian influences,2,dev,ig,dev_342,ig
135,kinnear does n t aim for our sympathy but rather delivers a performance of striking skill and depth,2,dev,ig,dev_135,ig
169,"the movie is n t just hilarious
it s witty and inventive too and in hindsight it is n t even all that dumb",2,dev,ig,dev_169,ig
557,like you could n t smell this turkey rotting from miles away,2,dev,ig,dev_557,ig
529,too much of it feels unfocused and underdeveloped,3,dev,deeplift,dev_529,deeplift
35,here s yet another studio horror franchise mucking up its storyline with glitches casual fans could correct in their sleep,2,dev,ig,dev_35,ig
452,his comedy premises are often hackneyed or just plain crude calculated to provoke shocked laughter without following up on a deeper level,2,dev,ig,dev_452,ig
240,the film may appear naked in its narrative form but it goes deeper than that to fundamental choices that include the complexity of the catholic doctrine,1,dev,lime,dev_240,lime
607,what was once original has been co opted so frequently that it now seems pedestrian,4,dev,gradients,dev_607,gradients
528,while hill has learned new tricks the tricks alone are not enough to salvage this lifeless boxing film,0,dev,attention,dev_528,attention
364,cool,2,dev,ig,dev_364,ig
4,entertains by providing good lively company,2,dev,ig,dev_4,ig
327,harris commands the screen using his frailty to suggest the ravages of a life of corruption and ruthlessness,0,dev,attention,dev_327,attention
156,warm water under a red bridge is a quirky and poignant japanese film that explores the fascinating connections between women water nature and sexuality,2,dev,ig,dev_156,ig
841,scorsese does n t give us a character worth giving a damn about,2,dev,ig,dev_841,ig
706,at once half baked and overheated,3,dev,deeplift,dev_706,deeplift
740,for all its technical virtuosity the film is so mired in juvenile and near xenophobic pedagogy that it s enough to make one pine for the day when godard can no longer handle the rigors of filmmaking,2,dev,ig,dev_740,ig
539,i thought my own watch had stopped keeping time as i slogged my way through clockstoppers,2,dev,ig,dev_539,ig
271,it haunts you you ca n t forget it you admire its conception and are able to resolve some of the confusions you had while watching it,2,dev,ig,dev_271,ig
828,an unwise amalgam of broadcast news and vibes,0,dev,attention,dev_828,attention
647,a dumb movie with dumb characters doing dumb things and you have to be really dumb not to see where this is going,3,dev,deeplift,dev_647,deeplift
360,writer director s mehta s effort has tons of charm and the whimsy is in the mixture the intoxicating masala of cultures and film genres,0,dev,attention,dev_360,attention
220,with the bourne identity we return to the more traditional action genre,0,dev,attention,dev_220,attention
317,belongs to daniel day lewis as much as it belongs to martin scorsese it s a memorable performance in a big brassy disturbing unusual and highly successful film,0,dev,attention,dev_317,attention
517,when leguizamo finally plugged an irritating character late in the movie,0,dev,attention,dev_517,attention
153,an effectively creepy fear inducing not fear reducing film from japanese director hideo nakata who takes the superstitious curse on chain letters and actually applies it,4,dev,gradients,dev_153,gradients
668,there seems to be no clear path as to where the story s going or how long it s going to take to get there,0,dev,attention,dev_668,attention
763,directed in a paint by numbers manner,4,dev,gradients,dev_763,gradients
639,a better title for all concerned might be swept under the rug,2,dev,ig,dev_639,ig
233,funny but perilously slight,2,dev,ig,dev_233,ig
350,very psychoanalytical provocatively so and also refreshingly literary,2,dev,ig,dev_350,ig
549,uncommonly stylish but equally silly the picture fails to generate much suspense nor does it ask searching enough questions to justify its pretensions,2,dev,ig,dev_549,ig
146,will amuse and provoke adventurous adults in specialty venues,1,dev,lime,dev_146,lime
68,exquisitely nuanced in mood tics and dialogue this chamber drama is superbly acted by the deeply appealing veteran bouquet and the chilling but quite human berling,0,dev,attention,dev_68,attention
618,harrison s flowers puts its heart in the right place but its brains are in no particular place at all,2,dev,ig,dev_618,ig
606,so unremittingly awful that labeling it a dog probably constitutes cruelty to canines,0,dev,attention,dev_606,attention
823,there s not enough here to justify the almost two hours,2,dev,ig,dev_823,ig
433,richard gere and diane lane put in fine performances as does french actor oliver martinez,0,dev,attention,dev_433,attention
203,it is great summer fun to watch arnold and his buddy gerald bounce off a quirky cast of characters,0,dev,attention,dev_203,attention
800,complete lack of originality cleverness or even visible effort,3,dev,deeplift,dev_800,deeplift
641,hilariously inept and ridiculous,2,dev,ig,dev_641,ig
26,a rarity among recent iranian films it s a comedy full of gentle humor that chides the absurdity of its protagonist s plight,1,dev,lime,dev_26,lime
768,this time mr burns is trying something in the martin scorsese street realist mode but his self regarding sentimentality trips him up again,2,dev,ig,dev_768,ig
95,a movie that successfully crushes a best selling novel into a timeframe that mandates that you avoid the godzilla sized soda,2,dev,ig,dev_95,ig
442,nicks seemingly uncertain what s going to make people laugh runs the gamut from stale parody to raunchy sex gags to formula romantic comedy,2,dev,ig,dev_442,ig
381,whether writer director anne fontaine s film is a ghost story an account of a nervous breakdown a trip down memory lane all three or none of the above it is as seductive as it is haunting,4,dev,gradients,dev_381,gradients
786,as chick flicks go this one is pretty miserable resorting to string pulling rather than legitimate character development and intelligent plotting,2,dev,ig,dev_786,ig
257,aside from minor tinkering this is the same movie you probably loved in 1994 except that it looks even better,1,dev,lime,dev_257,lime
716,with its dogged hollywood naturalism and the inexorable passage of its characters toward sainthood windtalkers is nothing but a sticky sweet soap,2,dev,ig,dev_716,ig
365,it wants to tweak them with a taste of tangy new humor,1,dev,lime,dev_365,lime
62,this surreal gilliam esque film is also a troubling interpretation of ecclesiastes,2,dev,ig,dev_62,ig
185,my thoughts were focused on the characters,2,dev,ig,dev_185,ig
504,this one is definitely one to skip even for horror movie fanatics,2,dev,ig,dev_504,ig
742,and the lesson in the end is nothing new,0,dev,attention,dev_742,attention
194,an operatic sprawling picture that s entertainingly acted magnificently shot and gripping enough to sustain most of its 170 minute length,0,dev,attention,dev_194,attention
407,mostly martha is a bright light modern day family parable that wears its heart on its sleeve for all to see,4,dev,gradients,dev_407,gradients
49,ultimately feels empty and unsatisfying like swallowing a communion wafer without the wine,0,dev,attention,dev_49,attention
500,it appears that something has been lost in the translation to the screen,3,dev,deeplift,dev_500,deeplift
187,one of the more intelligent children s movies to hit theaters this year,0,dev,attention,dev_187,attention
638,plays like a volatile and overlong w magazine fashion spread,0,dev,attention,dev_638,attention
416,oscar wilde s masterpiece the importance of being earnest may be the best play of the 19th century,0,dev,attention,dev_416,attention
89,an intriguing cinematic omnibus and round robin that occasionally is more interesting in concept than in execution,0,dev,attention,dev_89,attention
831,mattei is tiresomely grave and long winded as if circularity itself indicated profundity,0,dev,attention,dev_831,attention
166,manages to be sweet and wickedly satisfying at the same time,2,dev,ig,dev_166,ig
14,lawrence bounces all over the stage dancing running sweating mopping his face and generally displaying the wacky talent that brought him fame in the first place,4,dev,gradients,dev_14,gradients
307,if the first men in black was money the second is small change,0,dev,attention,dev_307,attention
414,a very well made funny and entertaining picture,4,dev,gradients,dev_414,gradients
784,to say this was done better in wilder s some like it hot is like saying the sun rises in the east,4,dev,gradients,dev_784,gradients
15,what s surprising about full frontal is that despite its overt self awareness parts of the movie still manage to break past the artifice and thoroughly engage you,0,dev,attention,dev_15,attention
293,a gorgeous high spirited musical from india that exquisitely blends music dance song and high drama,2,dev,ig,dev_293,ig
468,the piquant story needs more dramatic meat on its bones,2,dev,ig,dev_468,ig
636,do n t be fooled by the impressive cast list eye see you is pure junk,2,dev,ig,dev_636,ig
288,bennett s naturalistic performance speaks volumes more truth than any reality show and anybody contemplating their own drastic life changes should watch some body first,0,dev,attention,dev_288,attention
326,every dance becomes about seduction where backstabbing and betrayals are celebrated and sex is currency,0,dev,attention,dev_326,attention
867,designed to provide a mix of smiles and tears crossroads instead provokes a handful of unintentional howlers and numerous yawns,2,dev,ig,dev_867,ig
708,it s too bad that the helping hand he uses to stir his ingredients is also a heavy one,0,dev,attention,dev_708,attention
44,while the ideas about techno saturation are far from novel they re presented with a wry dark humor,0,dev,attention,dev_44,attention
682,it can not be enjoyed even on the level that one enjoys a bad slasher flick primarily because it is dull,3,dev,deeplift,dev_682,deeplift
599,a very long movie dull in stretches with entirely too much focus on meal preparation and igloo construction,2,dev,ig,dev_599,ig
582,too often the viewer is n t reacting to humor so much as they are wincing back in repugnance,2,dev,ig,dev_582,ig
472,there is no pleasure in watching a child suffer,2,dev,ig,dev_472,ig
741,american chai encourages rueful laughter at stereotypes only an indian american would recognize,1,dev,lime,dev_741,lime
300,there s really only one good idea in this movie but the director runs with it and presents it with an unforgettable visual panache,1,dev,lime,dev_300,lime
510,it takes a strange kind of laziness to waste the talents of robert forster anne meara eugene levy and reginald veljohnson all in the same movie,2,dev,ig,dev_510,ig
258,uses high comedy to evoke surprising poignance,2,dev,ig,dev_258,ig
345,grant s bumbling magic takes over the film and it turns out to be another winning star vehicle,4,dev,gradients,dev_345,gradients
45,an infectious cultural fable with a tasty balance of family drama and frenetic comedy,0,dev,attention,dev_45,attention
270,macdowell whose wifty southern charm has anchored lighter affairs brings an absolutely riveting conviction to her role,0,dev,attention,dev_270,attention
441,without non stop techno or the existential overtones of a kieslowski morality tale maelström is just another winter sleepers,0,dev,attention,dev_441,attention
560,the film contains no good jokes no good scenes barely a moment when carvey s saturday night live honed mimicry rises above the level of embarrassment,3,dev,deeplift,dev_560,deeplift
147,you do n t have to know about music to appreciate the film s easygoing blend of comedy and romance,3,dev,deeplift,dev_147,deeplift
165,rare birds has more than enough charm to make it memorable,0,dev,attention,dev_165,attention
728,sit through this one and you wo n t need a magic watch to stop time your dvd player will do it for you,1,dev,lime,dev_728,lime
127,the film s performances are thrilling,2,dev,ig,dev_127,ig
18,it provides the grand intelligent entertainment of a superior cast playing smart people amid a compelling plot,2,dev,ig,dev_18,ig
171,ahhhh revenge is sweet,2,dev,ig,dev_171,ig
457,the best that can be said about the work here of scottish director ritchie is that he obviously does n t have his heart in it,2,dev,ig,dev_457,ig
128,even in its most tedious scenes russian ark is mesmerizing,4,dev,gradients,dev_128,gradients
760,i can take infantile humor but this is the sort of infantile that makes you wonder about changing the director and writer s diapers,4,dev,gradients,dev_760,gradients
403,nothing is sacred in this gut buster,2,dev,ig,dev_403,ig
52,without ever becoming didactic director carlos carrera expertly weaves this novelistic story of entangled interrelationships and complex morality,0,dev,attention,dev_52,attention
10,the band s courage in the face of official repression is inspiring especially for aging hippies this one included,1,dev,lime,dev_10,lime
624,it s one of those baseball pictures where the hero is stoic the wife is patient the kids are as cute as all get out and the odds against success are long enough to intimidate but short enough to make a dream seem possible,1,dev,lime,dev_624,lime
47,add yet another hat to a talented head clooney s a good director,1,dev,lime,dev_47,lime
318,an exhilarating futuristic thriller noir minority report twists the best of technology around a gripping story delivering a riveting pulse intensifying escapist adventure of the first order,0,dev,attention,dev_318,attention
839,it all feels like a monty python sketch gone horribly wrong,0,dev,attention,dev_839,attention
737,it s everything you do n t go to the movies for,2,dev,ig,dev_737,ig
260,vera s three actors mollà gil and bardem excel in insightful empathetic performances,4,dev,gradients,dev_260,gradients
396,there s a wickedly subversive bent to the best parts of birthday girl,2,dev,ig,dev_396,ig
305,the vitality of the actors keeps the intensity of the film high even as the strafings blend together,4,dev,gradients,dev_305,gradients
471,it s dumb but more importantly it s just not scary,4,dev,gradients,dev_471,gradients
627,a hollow joke told by a cinematic gymnast having too much fun embellishing the misanthropic tale to actually engage it,2,dev,ig,dev_627,ig
789,it ca n t decide if it wants to be a mystery thriller a romance or a comedy,4,dev,gradients,dev_789,gradients
853,every nanosecond of the the new guy reminds you that you could be doing something else far more pleasurable,1,dev,lime,dev_853,lime
155,a subtle and well crafted for the most part chiller,0,dev,attention,dev_155,attention
120,if you can stomach the rough content it s worth checking out for the performances alone,1,dev,lime,dev_120,lime
372,the sort of film that makes me miss hitchcock but also feel optimistic that there s hope for popular cinema yet,0,dev,attention,dev_372,attention
530,a giggle a minute,1,dev,lime,dev_530,lime
567,the film s few ideas are stretched to the point of evaporation the whole central section is one big chase that seems to have no goal and no urgency,2,dev,ig,dev_567,ig
645,given how heavy handed and portent heavy it is this could be the worst thing soderbergh has ever done,2,dev,ig,dev_645,ig
594,what the director ca n t do is make either of val kilmer s two personas interesting or worth caring about,2,dev,ig,dev_594,ig
358,birthday girl is an amusing joy ride with some surprisingly violent moments,0,dev,attention,dev_358,attention
130,reggio s continual visual barrage is absorbing as well as thought provoking,4,dev,gradients,dev_130,gradients
543,not only unfunny but downright repellent,0,dev,attention,dev_543,attention
191,for anyone unfamiliar with pentacostal practices in general and theatrical phenomenon of hell houses in particular it s an eye opener,2,dev,ig,dev_191,ig
9,you ll gasp appalled and laugh outraged and possibly watching the spectacle of a promising young lad treading desperately in a nasty sea shed an errant tear,2,dev,ig,dev_9,ig
752,nonsensical dull cyber horror flick is a grim hollow exercise in flat scares and bad acting,3,dev,deeplift,dev_752,deeplift
629,the script is n t very good not even someone as gifted as hoffman the actor can make it work,0,dev,attention,dev_629,attention
492,though moonlight mile is replete with acclaimed actors and actresses and tackles a subject that s potentially moving the movie is too predictable and too self conscious to reach a level of high drama,2,dev,ig,dev_492,ig
76,neither parker nor donovan is a typical romantic lead but they bring a fresh quirky charm to the formula,4,dev,gradients,dev_76,gradients
537,chokes on its own depiction of upper crust decorum,4,dev,gradients,dev_537,gradients
644,feels too formulaic and too familiar to produce the transgressive thrills of early underground work,2,dev,ig,dev_644,ig
404,filmmakers who can deftly change moods are treasures and even marvels,0,dev,attention,dev_404,attention
868,it seems to me the film is about the art of ripping people off without ever letting them consciously know you have done so,2,dev,ig,dev_868,ig
276,challenging intermittently engrossing and unflaggingly creative,2,dev,ig,dev_276,ig
204,bleakly funny its characters all the more touching for refusing to pity or memorialize themselves,1,dev,lime,dev_204,lime
444,the script kicks in and mr hartley s distended pace and foot dragging rhythms follow,2,dev,ig,dev_444,ig
394,despite its title punch drunk love is never heavy handed,2,dev,ig,dev_394,ig
13,as surreal as a dream and as detailed as a photograph as visually dexterous as it is at times imaginatively overwhelming,0,dev,attention,dev_13,attention
459,slick piece of cross promotion,1,dev,lime,dev_459,lime
281,charles entertaining film chronicles seinfeld s return to stand up comedy after the wrap of his legendary sitcom alongside wannabe comic adams attempts to get his shot at the big time,1,dev,lime,dev_281,lime
411,a spellbinding african film about the modern condition of rootlessness a state experienced by millions around the globe,1,dev,lime,dev_411,lime
389,a delightful coming of age story,1,dev,lime,dev_389,lime
162,one of creepiest scariest movies to come along in a long long time easily rivaling blair witch or the others,1,dev,lime,dev_162,lime
563,in execution this clever idea is far less funny than the original killers from space,2,dev,ig,dev_563,ig
8,unlike the speedy wham bam effect of most hollywood offerings character development and more importantly character empathy is at the heart of italian for beginners,1,dev,lime,dev_8,lime
356,preaches to two completely different choirs at the same time which is a pretty amazing accomplishment,0,dev,attention,dev_356,attention
349,escaping the studio piccoli is warmly affecting and so is this adroitly minimalist movie,2,dev,ig,dev_349,ig
183,chaiken s talent lies in an evocative accurate observation of a distinctive milieu and in the lively convincing dialogue she creates for her characters,0,dev,attention,dev_183,attention
677,sustains its dreamlike glide through a succession of cheesy coincidences and voluptuous cheap effects not the least of which is rebecca romijn stamos,2,dev,ig,dev_677,ig
709,of course by more objective measurements it s still quite bad,0,dev,attention,dev_709,attention
41,a celebration of quirkiness eccentricity and certain individuals tendency to let it all hang out and damn the consequences,1,dev,lime,dev_41,lime
223,among the year s most intriguing explorations of alientation,1,dev,lime,dev_223,lime
87,still as a visual treat the film is almost unsurpassed,2,dev,ig,dev_87,ig
697,an overemphatic would be wacky ultimately tedious sex farce,0,dev,attention,dev_697,attention
375,de niro is a veritable source of sincere passion that this hollywood contrivance orbits around,1,dev,lime,dev_375,lime
121,looking aristocratic luminous yet careworn in jane hamilton s exemplary costumes rampling gives a performance that could not be improved upon,2,dev,ig,dev_121,ig
85,the very definition of the small movie but it is a good stepping stone for director sprecher,1,dev,lime,dev_85,lime
269,gives you the steady pulse of life in a beautiful city viewed through the eyes of a character who in spite of tragic loss and increasing decrepitude knows in his bones that he is one of the luckiest men alive,0,dev,attention,dev_269,attention
216,martin and barbara are complex characters sometimes tender sometimes angry and the delicate performances by sven wollter and viveka seldahl make their hopes and frustrations vivid,0,dev,attention,dev_216,attention
256,not since tom cruise in risky business has an actor made such a strong impression in his underwear,3,dev,deeplift,dev_256,deeplift
454,they should have called it gutterball,4,dev,gradients,dev_454,gradients
133,sade is an engaging look at the controversial eponymous and fiercely atheistic hero,2,dev,ig,dev_133,ig
605,a sequel that s much too big for its britches,4,dev,gradients,dev_605,gradients
206,the wild thornberrys movie is a jolly surprise,4,dev,gradients,dev_206,gradients
321,pumpkin takes an admirable look at the hypocrisy of political correctness but it does so with such an uneven tone that you never know when humor ends and tragedy begins,4,dev,gradients,dev_321,gradients
779,partway through watching this saccharine easter egg colored concoction you realize that it is made up of three episodes of a rejected tv show,2,dev,ig,dev_779,ig
172,yakusho and shimizu create engaging characterizations in imamura s lively and enjoyable cultural mix,4,dev,gradients,dev_172,gradients
799,shaky close ups of turkey on rolls stubbly chins liver spots red noses and the filmmakers new bobbed do draw easy chuckles but lead nowhere,4,dev,gradients,dev_799,gradients
681,i ve always dreamed of attending cannes but after seeing this film it s not that big a deal,4,dev,gradients,dev_681,gradients
115,d oes n t bother being as cloying or preachy as equivalent evangelical christian movies maybe the filmmakers know that the likely audience will already be among the faithful,2,dev,ig,dev_115,ig
808,the movie fails to live up to the sum of its parts,2,dev,ig,dev_808,ig
341,it s great escapist fun that recreates a place and time that will never happen again,4,dev,gradients,dev_341,gradients
601,a science fiction pastiche so lacking in originality that if you stripped away its inspirations there would be precious little left,4,dev,gradients,dev_601,gradients
580,a tv style murder mystery with a few big screen moments including one that seems to be made for a different film altogether,2,dev,ig,dev_580,ig
225,seldom has a movie so closely matched the spirit of a man and his work,4,dev,gradients,dev_225,gradients
434,the minor figures surrounding bobby form a gritty urban mosaic,1,dev,lime,dev_434,lime
497,involves two mysteries one it gives away and the other featuring such badly drawn characters that its outcome hardly matters,2,dev,ig,dev_497,ig
315,it will grip even viewers who are n t interested in rap as it cuts to the heart of american society in an unnerving way,1,dev,lime,dev_315,lime
38,and that s a big part of why we go to the movies,2,dev,ig,dev_38,ig
277,but it s too long and too convoluted and it ends in a muddle,0,dev,attention,dev_277,attention
804,on the whole the movie lacks wit feeling and believability to compensate for its incessant coarseness and banality,2,dev,ig,dev_804,ig
131,it all adds up to good fun,2,dev,ig,dev_131,ig
776,sticky sweet sentimentality clumsy plotting and a rosily myopic view of life in the wwii era mississippi delta undermine this adaptation,2,dev,ig,dev_776,ig
474,the movie s accumulated force still feels like an ugly knot tightening in your stomach,4,dev,gradients,dev_474,gradients
523,the experience of going to a film festival is a rewarding one the experiencing of sampling one through this movie is not,1,dev,lime,dev_523,lime
766,routine harmless diversion and little else,3,dev,deeplift,dev_766,deeplift
353,on the heels of the ring comes a similarly morose and humorless horror movie that although flawed is to be commended for its straight ahead approach to creepiness,3,dev,deeplift,dev_353,deeplift
303,puts a human face on a land most westerners are unfamiliar with,2,dev,ig,dev_303,ig
654,all that s missing is the spontaneity originality and delight,1,dev,lime,dev_654,lime
795,deadeningly dull mired in convoluted melodrama nonsensical jargon and stiff upper lip laboriousness,0,dev,attention,dev_795,attention
640,this movie seems to have been written using mad libs,4,dev,gradients,dev_640,gradients
514,the reality of the new live action pinocchio he directed cowrote and starred in borders on the grotesque,2,dev,ig,dev_514,ig
387,a breezy romantic comedy that has the punch of a good sitcom while offering exceptionally well detailed characters,0,dev,attention,dev_387,attention
769,while there s something intrinsically funny about sir anthony hopkins saying get in the car bitch this jerry bruckheimer production has little else to offer,3,dev,deeplift,dev_769,deeplift
651,it s a grab bag of genres that do n t add up to a whole lot of sense,3,dev,deeplift,dev_651,deeplift
20,it moves quickly adroitly and without fuss it does n t give you time to reflect on the inanity and the cold war datedness of its premise,0,dev,attention,dev_20,attention
805,the story and the friendship proceeds in such a way that you re watching a soap opera rather than a chronicle of the ups and downs that accompany lifelong friendships,1,dev,lime,dev_805,lime
657,there s too much falseness to the second half and what began as an intriguing look at youth fizzles into a dull ridiculous attempt at heart tugging,0,dev,attention,dev_657,attention
501,despite all evidence to the contrary this clunker has somehow managed to pose as an actual feature movie the kind that charges full admission and gets hyped on tv and purports to amuse small children and ostensible adults,3,dev,deeplift,dev_501,deeplift
456,it s too self important and plodding to be funny and too clipped and abbreviated to be an epic,2,dev,ig,dev_456,ig
540,unfortunately it s not silly fun unless you enjoy really bad movies,2,dev,ig,dev_540,ig
634,its well of thorn and vinegar and simple humanity has long been plundered by similar works featuring the insight and punch this picture so conspicuously lacks,2,dev,ig,dev_634,ig
753,instead of hiding pinocchio from critics miramax should have hidden it from everyone,0,dev,attention,dev_753,attention
122,mafia rap stars and hood rats butt their ugly heads in a regurgitation of cinematic violence that gives brutal birth to an unlikely but likable hero,1,dev,lime,dev_122,lime
571,a hamfisted romantic comedy that makes our girl the hapless facilitator of an extended cheap shot across the mason dixon line,2,dev,ig,dev_571,ig
547,k 19 exploits our substantial collective fear of nuclear holocaust to generate cheap hollywood tension,2,dev,ig,dev_547,ig
304,displaying about equal amounts of naiveté passion and talent beneath clouds establishes sen as a filmmaker of considerable potential,0,dev,attention,dev_304,attention
377,"hardly a masterpiece
but it introduces viewers to a good charitable enterprise and some interesting real people",3,dev,deeplift,dev_377,deeplift
487,is an arthritic attempt at directing by callie khouri,2,dev,ig,dev_487,ig
202,it has charm to spare and unlike many romantic comedies it does not alienate either gender in the audience,1,dev,lime,dev_202,lime
284,a densely constructed highly referential film and an audacious return to form that can comfortably sit among jean luc godard s finest work,0,dev,attention,dev_284,attention
388,a romantic comedy enriched by a sharp eye for manners and mores,0,dev,attention,dev_388,attention
244,cq s reflection of artists and the love of cinema and self suggests nothing less than a new voice that deserves to be considered as a possible successor to the best european directors,1,dev,lime,dev_244,lime
93,what better message than love thyself could young women of any size receive,0,dev,attention,dev_93,attention
486,rarely has leukemia looked so shimmering and benign,1,dev,lime,dev_486,lime
512,expect the same old lame old slasher nonsense just with different scenery,4,dev,gradients,dev_512,gradients
50,chilling well acted and finely directed david jacobson s dahmer,0,dev,attention,dev_50,attention
282,that dogged good will of the parents and vain jia s defoliation of ego make the film touching despite some doldrums,1,dev,lime,dev_282,lime
672,slapstick buffoonery can tickle many a preschooler s fancy but when it costs a family of four about 40 to see a film in theaters why spend money on a dog like this when you can rent a pedigree instead,3,dev,deeplift,dev_672,deeplift
707,serry wants to blend politics and drama an admirable ambition,0,dev,attention,dev_707,attention
519,a valueless kiddie paean to pro basketball underwritten by the nba,0,dev,attention,dev_519,attention
806,offers very little genuine romance and even fewer laughs a sad sitcom of a movie largely devoid of charm,0,dev,attention,dev_806,attention
170,old form moviemaking at its best,1,dev,lime,dev_170,lime
54,one of the best films of the year with its exploration of the obstacles to happiness faced by five contemporary individuals a psychological masterpiece,0,dev,attention,dev_54,attention
849,at least one scene is so disgusting that viewers may be hard pressed to retain their lunch,4,dev,gradients,dev_849,gradients
807,makes for a pretty unpleasant viewing experience,2,dev,ig,dev_807,ig
546,does little more than play an innocuous game of fill in the blanks with a tragic past,2,dev,ig,dev_546,ig
25,a poignant artfully crafted meditation on mortality,1,dev,lime,dev_25,lime
730,teen movies have really hit the skids,2,dev,ig,dev_730,ig
213,two hours fly by opera s a pleasure when you do n t have to endure intermissions and even a novice to the form comes away exhilarated,1,dev,lime,dev_213,lime
774,adults will wish the movie were less simplistic obvious clumsily plotted and shallowly characterized,2,dev,ig,dev_774,ig
469,"very special effects brilliantly bold colors and heightened reality
ca n t hide the giant achilles heel in stuart little 2 there s just no story folks",1,dev,lime,dev_469,lime
72,one of the most significant moviegoing pleasures of the year,0,dev,attention,dev_72,attention
723,the talented and clever robert rodriguez perhaps put a little too much heart into his first film and did n t reserve enough for his second,4,dev,gradients,dev_723,gradients
306,not since japanese filmmaker akira kurosawa s ran have the savagery of combat and the specter of death been visualized with such operatic grandeur,0,dev,attention,dev_306,attention
229,the story and structure are well honed,1,dev,lime,dev_229,lime
466,too much of the humor falls flat,1,dev,lime,dev_466,lime
132,a big gorgeous sprawling swashbuckler that delivers its diversions in grand uncomplicated fashion,1,dev,lime,dev_132,lime
2,a warm funny engaging film,2,dev,ig,dev_2,ig
428,his healthy sense of satire is light and fun,0,dev,attention,dev_428,attention
744,due to some script weaknesses and the casting of the director s brother the film trails off into inconsequentiality,0,dev,attention,dev_744,attention
531,big fat waste of time,2,dev,ig,dev_531,ig
126,falls neatly into the category of good stupid fun,1,dev,lime,dev_126,lime
778,every time you look sweet home alabama is taking another bummer of a wrong turn,0,dev,attention,dev_778,attention
73,jose campanella delivers a loosely autobiographical story brushed with sentimentality but brimming with gentle humor bittersweet pathos and lyric moments that linger like snapshots of memory,0,dev,attention,dev_73,attention
34,t his beguiling belgian fable very much its own droll and delicate little film has some touching things to say about what is important in life and why,1,dev,lime,dev_34,lime
211,the mesmerizing performances of the leads keep the film grounded and keep the audience riveted,0,dev,attention,dev_211,attention
864,some of their jokes work but most fail miserably and in the end pumpkin is far more offensive than it is funny,2,dev,ig,dev_864,ig
490,just one bad idea after another,2,dev,ig,dev_490,ig
701,the movie is just a plain old monster,1,dev,lime,dev_701,lime
167,this nickleby thing might have more homosexual undertones than an eddie murphy film,2,dev,ig,dev_167,ig
339,the most compelling wiseman epic of recent years,0,dev,attention,dev_339,attention
419,brilliantly explores the conflict between following one s heart and following the demands of tradition,3,dev,deeplift,dev_419,deeplift
415,a giggle inducing comedy with snappy dialogue and winning performances by an unlikely team of oscar winners susan sarandon and goldie hawn,0,dev,attention,dev_415,attention
192,it seems like i have been waiting my whole life for this movie and now i ca n t wait for the sequel,2,dev,ig,dev_192,ig
214,it s one heck of a character study not of hearst or davies but of the unique relationship between them,2,dev,ig,dev_214,ig
328,stephen rea aidan quinn and alan bates play desmond s legal eagles and when joined by brosnan the sight of this grandiloquent quartet lolling in pretty irish settings is a pleasant enough thing tis,1,dev,lime,dev_328,lime
754,manages to be both repulsively sadistic and mundane,2,dev,ig,dev_754,ig
631,i ll bet the video game is a lot more fun than the film,4,dev,gradients,dev_631,gradients
561,chabrol has taken promising material for a black comedy and turned it instead into a somber chamber drama,2,dev,ig,dev_561,ig
555,a synthesis of cliches and absurdities that seems positively decadent in its cinematic flash and emptiness,2,dev,ig,dev_555,ig
408,it s a scattershot affair but when it hits its mark it s brilliant,1,dev,lime,dev_408,lime
695,the film suffers from a lack of humor something needed to balance out the violence,0,dev,attention,dev_695,attention
125,montias pumps a lot of energy into his nicely nuanced narrative and surrounds himself with a cast of quirky but not stereotyped street characters,2,dev,ig,dev_125,ig
521,for starters the story is just too slim,1,dev,lime,dev_521,lime
667,stealing harvard is evidence that the farrelly bros peter and bobby and their brand of screen comedy are wheezing to an end along with green s half hearted movie career,3,dev,deeplift,dev_667,deeplift
871,schaeffer has to find some hook on which to hang his persistently useless movies and it might as well be the resuscitation of the middle aged character,0,dev,attention,dev_871,attention
40,a fast funny highly enjoyable movie,4,dev,gradients,dev_40,gradients
801,though perry and hurley make inspiring efforts to breathe life into the disjointed haphazard script by jay scherick and david ronn neither the actors nor director reginald hudlin can make it more than fitfully entertaining,0,dev,attention,dev_801,attention
280,easily my choice for one of the year s best films,0,dev,attention,dev_280,attention
791,one of those pictures whose promising if rather precious premise is undercut by amateurish execution,2,dev,ig,dev_791,ig
771,there is very little dread or apprehension and though i like the creepy ideas they are not executed with anything more than perfunctory skill,1,dev,lime,dev_771,lime
775,but what are adults doing in the theater at all,2,dev,ig,dev_775,ig
635,for all its impressive craftsmanship and despite an overbearing series of third act crescendos lily chou chou never really builds up a head of emotional steam,2,dev,ig,dev_635,ig
435,this is wild surreal stuff but brilliant and the camera just kind of sits there and lets you look at this and its like you re going from one room to the next and none of them have any relation to the other,1,dev,lime,dev_435,lime
628,it s about following your dreams no matter what your parents think,2,dev,ig,dev_628,ig
834,a sequence of ridiculous shoot em up scenes,2,dev,ig,dev_834,ig
686,outer space buffs might love this film but others will find its pleasures intermittent,1,dev,lime,dev_686,lime
55,not far beneath the surface this reconfigured tale asks disturbing questions about those things we expect from military epics,1,dev,lime,dev_55,lime
78,not only are the special effects and narrative flow much improved and daniel radcliffe more emotionally assertive this time around as harry but the film conjures the magic of author j k rowling s books,0,dev,attention,dev_78,attention
568,it s just filler,2,dev,ig,dev_568,ig
642,vera s technical prowess ends up selling his film short he smoothes over hard truths even as he uncovers them,2,dev,ig,dev_642,ig
275,moretti s compelling anatomy of grief and the difficult process of adapting to loss,2,dev,ig,dev_275,ig
79,jaglom put s the audience in the privileged position of eavesdropping on his characters,1,dev,lime,dev_79,lime
845,this is a train wreck of an action film a stupefying attempt by the filmmakers to force feed james bond into the mindless xxx mold and throw 40 years of cinematic history down the toilet in favor of bright flashes and loud bangs,0,dev,attention,dev_845,attention
113,instead of a hyperbolic beat charged urban western it s an unpretentious sociologically pointed slice of life,1,dev,lime,dev_113,lime
117,if your taste runs to difficult films you absolutely ca n t miss it,3,dev,deeplift,dev_117,deeplift
134,a quiet pure elliptical film,2,dev,ig,dev_134,ig
623,too restrained to be a freak show too mercenary and obvious to be cerebral too dull and pretentious to be engaging the isle defies an easy categorization,4,dev,gradients,dev_623,gradients
86,suffers from the lack of a compelling or comprehensible narrative,3,dev,deeplift,dev_86,deeplift
308,but it still jingles in the pocket,1,dev,lime,dev_308,lime
193,it s a bit disappointing that it only manages to be decent instead of dead brilliant,2,dev,ig,dev_193,ig
7,nothing s at stake just a twisty double cross you can smell a mile away still the derivative nine queens is lots of fun,1,dev,lime,dev_7,lime
575,pumpkin means to be an outrageous dark satire on fraternity life but its ambitions far exceed the abilities of writer adam larson broder and his co director tony r abrams in their feature debut,4,dev,gradients,dev_575,gradients
231,it s made with deftly unsettling genre flair,4,dev,gradients,dev_231,gradients
27,not only is undercover brother as funny if not more so than both austin powers films but it s also one of the smarter savvier spoofs to come along in some time,2,dev,ig,dev_27,ig
289,the film is powerful accessible and funny,0,dev,attention,dev_289,attention
655,no one but a convict guilty of some truly heinous crime should have to sit through the master of disguise,0,dev,attention,dev_655,attention
761,there is n t nearly enough fun here despite the presence of some appealing ingredients,4,dev,gradients,dev_761,gradients
566,too slow too long and too little happens,4,dev,gradients,dev_566,gradients
858,"but daphne you re too buff fred thinks he s tough and velma
wow you ve lost weight",0,dev,attention,dev_858,attention
822,a solid film but more conscientious than it is truly stirring,1,dev,lime,dev_822,lime
104,the performances take the movie to a higher level,0,dev,attention,dev_104,attention
168,no sophomore slump for director sam mendes who segues from oscar winner to oscar winning potential with a smooth sleight of hand,2,dev,ig,dev_168,ig
600,not an objectionable or dull film it merely lacks everything except good intentions,2,dev,ig,dev_600,ig
437,there is nothing outstanding about this film but it is good enough and will likely be appreciated most by sailors and folks who know their way around a submarine,1,dev,lime,dev_437,lime
333,deliriously funny fast and loose accessible to the uninitiated and full of surprises,0,dev,attention,dev_333,attention
458,less dizzying than just dizzy the jaunt is practically over before it begins,4,dev,gradients,dev_458,gradients
267,moody heartbreaking and filmed in a natural unforced style that makes its characters seem entirely convincing even when its script is not,2,dev,ig,dev_267,ig
219,this tenth feature is a big deal indeed at least the third best and maybe even a notch above the previous runner up nicholas meyer s star trek vi the undiscovered country,1,dev,lime,dev_219,lime
794,with virtually no interesting elements for an audience to focus on chelsea walls is a triple espresso endurance challenge,2,dev,ig,dev_794,ig
410,featuring a dangerously seductive performance from the great daniel auteuil sade covers the same period as kaufmann s quills with more unsettlingly realistic results,0,dev,attention,dev_410,attention
835,nothing in waking up in reno ever inspired me to think of its inhabitants as anything more than markers in a screenplay,0,dev,attention,dev_835,attention
16,whether you like rap music or loathe it you ca n t deny either the tragic loss of two young men in the prime of their talent or the power of this movie,1,dev,lime,dev_16,lime
675,my reaction in a word disappointment,4,dev,gradients,dev_675,gradients
212,worth watching for dong jie s performance and for the way it documents a culture in the throes of rapid change,0,dev,attention,dev_212,attention
724,more whiny downer than corruscating commentary,2,dev,ig,dev_724,ig
758,a boring parade of talking heads and technical gibberish that will do little to advance the linux cause,0,dev,attention,dev_758,attention
431,an artful intelligent film that stays within the confines of a well established genre,0,dev,attention,dev_431,attention
21,a deep and meaningful film,2,dev,ig,dev_21,ig
743,it made me want to wrench my eyes out of my head and toss them at the screen,0,dev,attention,dev_743,attention
108,lapaglia s ability to convey grief and hope works with weaver s sensitive reactions to make this a two actor master class,4,dev,gradients,dev_108,gradients
177,for the most part director anne sophie birot s first feature is a sensitive extraordinarily well acted drama,0,dev,attention,dev_177,attention
545,forced familiar and thoroughly condescending,4,dev,gradients,dev_545,gradients
74,generally clockstoppers will fulfill your wildest fantasies about being a different kind of time traveler while happily killing 94 minutes,1,dev,lime,dev_74,lime
385,this film seems thirsty for reflection itself taking on adolescent qualities,2,dev,ig,dev_385,ig
273,for movie lovers as well as opera lovers tosca is a real treat,0,dev,attention,dev_273,attention
218,an absurdist comedy about alienation separation and loss,4,dev,gradients,dev_218,gradients
234,overall very good for what it s trying to do,1,dev,lime,dev_234,lime
674,the notion that bombing buildings is the funniest thing in the world goes entirely unexamined in this startlingly unfunny comedy,2,dev,ig,dev_674,ig
869,it s just disappointingly superficial a movie that has all the elements necessary to be a fascinating involving character study but never does more than scratch the surface,4,dev,gradients,dev_869,gradients
